"Timestamp","Enter your  Name","Enter your Age","1.    How familiar are you with the ""Digital India"" campaign?","2.  Where did you first hear about Digital India?","3.   Do you think Digital India has improved digital access in your area?","4 . Are you aware of government services available online (e.g., Aadhar, PAN, passport)?","5.  Have you ever used a government mobile app (e.g., UMANG, Digilocker)?","6.   Are you aware of the Bharat Net initiative to provide rural broadband?","7. Don’t know Do you have access to the internet at home?","8.  Which of the following services have you used online? (Choose most used)","9.  Do you think digital platforms have made government services more transparent?","10 . Are government digital services available in your preferred language?","11 .  How often do you use digital services for government tasks? ","12.How secure do you feel while using digital government platforms? ","13 . Which device do you mostly use to access digital services? ","13. Are you satisfied with the user-friendliness of government apps?","14. Have you ever faced technical issues while using digital services?","15.Add to contact number","16.How long does it usually take to complete a government task online (e.g., applying for certificate)? ","17. Have you ever used CSC (Common Service Centres)? ","18. Which e-payment method do you prefer?","19.How reliable is your internet connection? ","20.Do you trust online government services with your personal data? ","21.Have you used DigiLocker for storing documents? ","22.Did you face difficulty in accessing online educational content during the pandemic? ","23.How do you usually resolve issues with digital services? ","24.Do you think digital literacy programs have reached your area? ","25.Do you face challenges due to language barriers in digital services? ","26.Has Digital India improved your access to government schemes? ","27.Has it saved your time compared to visiting government offices? ","28.Do you think rural areas are benefiting equally from Digital India? ","29.Are people around you digitally literate? ","30.What is the biggest challenge in accessing digital services? ","31. Are digital payments accepted widely in your area?","32.Do you feel empowered by using digital platforms? ","33.Has Digital India created employment opportunities in your area? ","34.Which group do you think needs more digital training? ","35.Should more services be made available online? ","36.How often do you use UPI or digital payments per week? ","37.How can Digital India improve further?.","38. Are you confident in helping others use digital services?","39. Have you attended any digital literacy workshops? ","40. Would you recommend digital government services to others? "
"2025/10/05 11:52:21 am GMT+5:30","MUKESH WAMANRAO DESAI ","Other","A) Very familiar","C) Government office","A) Yes, significantly","A) Yes","C) Never","B) Somewhat","B) Yes, mobile internet","D) None","C) Disagree","B) Sometimes","A) Weekly","C) Not secure","C) Tablet","C) Dissatisfied","C) Rarely","7709452323","A) <15 minutes","B) Occasionally","B) Credit/Debit card","C) Poor","A) Yes","B) Tried it once","B) Somewhat","B) Online forums","B) Somewhat","B) Sometimes","B) Somewhat","C) No","B) Partially","C) Very few","B) Lack of knowledge","B) In some shops","C) Disagree","B) Somewhat","B) Rural youth","B) Maybe","B) 2–3 times","C) Easier interfaces","C) No","D) Not aware","C) No"
"2025/10/05 11:56:28 am GMT+5:30","Nalu gopichand patil","30-40","B) Somewhat familiar","A) TV/Radio","B) Somewhat","C) No","D) Didn’t know they existed","B) Somewhat","D) Use public/office internet","C) Online shopping","D)  Not sure","B) Sometimes","A) Weekly","C) Not secure","C) Tablet","A) Very satisfied","B) Sometimes","9923674773","B) 15–30 minutes","A) Yes, often","B) Credit/Debit card","D) No access","B) Somewhat","C) Heard of it","B) Somewhat","C) Local CSC/Agent","A) Yes","B) Sometimes","B) Somewhat","D) Never used digital services","B) Partially","B) Some are","B) Lack of knowledge","B) In some shops","D) Strongly disagree","B) Somewhat","A) Senior citizens","B) Maybe","B) 2–3 times","B) More training programs","C) No","C) No, not interested","C) No"
"2025/10/05 11:56:48 am GMT+5:30","Nidhi","18-25","A) Very familiar","A) TV/Radio","A) Yes, significantly","B) Partially","A) Yes, frequently","B) Somewhat","B) Yes, mobile internet","B) e-Government services","C) Disagree","C) No","C) Rarely","C) Not secure","B) Computer/Laptop","B) Satisfied","C) Rarely","","B) 15–30 minutes","B) Occasionally","A) UPI (e.g., Google Pay, PhonePe)","A) Very reliable","B) Somewhat","A) Yes, regularly","A) Yes, a lot","C) Local CSC/Agent","C) No","B) Sometimes","A) Yes","A) Yes","A) Yes","D) None","D) Security concerns","C) Rarely","D) Strongly disagree","A) Yes","B) Rural youth","D) Not sure","D) Never","A) Better internet","B) Sometimes","C) No, not interested","A) Yes"
"2025/10/05 11:59:02 am GMT+5:30","Bhumika chavan","18-25","A) Very familiar","C) Government office","A) Yes, significantly","A) Yes","A) Yes, frequently","A) Yes","A) Yes, broadband","B) e-Government services","B) Agree","A) Yes","C) Rarely","A) Very secure","B) Computer/Laptop","A) Very satisfied","A) Frequently","8856820419","A) <15 minutes","A) Yes, often","A) UPI (e.g., Google Pay, PhonePe)","A) Very reliable","A) Yes","A) Yes, regularly","A) Yes, a lot","C) Local CSC/Agent","A) Yes","A) Frequently","B) Somewhat","C) No","B) Partially","A) Most are","A) Internet issues","A) Everywhere","B) Agree","A) Yes","C) Women","A) Yes, definitely","B) 2–3 times","A) Better internet","A) Yes","A) Yes","B) Maybe"
"2025/10/05 12:00:14 pm GMT+5:30","","18-25","B) Somewhat familiar","B) Social media","B) Somewhat","B) Partially","C) Never","A) Yes","B) Yes, mobile internet","B) e-Government services","D)  Not sure","C) No","A) Weekly","C) Not secure","D) Public Kiosk","B) Satisfied","C) Rarely","","C) 30–60 minutes","C) Heard of them but never used","C) Net Banking","C) Poor","C) NO","A) Yes, regularly","D) Not applicable","","B) Somewhat","C) Never","B) Somewhat","B) Somewhat","B) Partially","C) Very few","C) Language","B) In some shops","D) Strongly disagree","B) Somewhat","B) Rural youth","C) No","B) 2–3 times","B) More training programs","B) Sometimes","B) No, but interested","B) Maybe"
"2025/10/05 12:02:14 pm GMT+5:30","Rohit Chaudhari ","18-25","A) Very familiar","B) Social media","A) Yes, significantly","A) Yes","A) Yes, frequently","C) No","A) Yes, broadband","A) Bill payments","A) Strongly agree","A) Yes","C) Rarely","A) Very secure","B) Computer/Laptop","B) Satisfied","A) Frequently","9529018171","A) <15 minutes","A) Yes, often","A) UPI (e.g., Google Pay, PhonePe)","B) Somewhat reliable","A) Yes","A) Yes, regularly","B) Somewhat","A) Helpline/Support","A) Yes","B) Sometimes","B) Somewhat","A) Yes","A) Yes","A) Most are","A) Internet issues","A) Everywhere","A) Strongly agree","A) Yes","D) Everyone","A) Yes, definitely","A) Daily","B) More training programs","A) Yes","C) No, not interested","A) Yes"
"2025/10/05 12:02:49 pm GMT+5:30","Atul","18-25","B) Somewhat familiar","B) Social media","D) Not sure","A) Yes","A) Yes, frequently","B) Somewhat","B) Yes, mobile internet","A) Bill payments","B) Agree","B) Sometimes","B) Monthly","A) Very secure","A) Smartphone","B) Satisfied","B) Sometimes",".","B) 15–30 minutes","B) Occasionally","A) UPI (e.g., Google Pay, PhonePe)","A) Very reliable","B) Somewhat","A) Yes, regularly","B) Somewhat","B) Online forums","B) Somewhat","C) Never","B) Somewhat","A) Yes","A) Yes","B) Some are","D) Security concerns","B) In some shops","A) Strongly agree","B) Somewhat","D) Everyone","A) Yes, definitely","A) Daily","C) Easier interfaces","A) Yes","A) Yes","A) Yes"
"2025/10/05 12:03:33 pm GMT+5:30","Vaishnavi mukesh Desai ","18-25","B) Somewhat familiar","C) Government office","B) Somewhat","B) Partially","B) Occasionally","A) Yes","C) No internet access","B) e-Government services","B) Agree","B) Sometimes","C) Rarely","B) Somewhat secure","C) Tablet","C) Dissatisfied","C) Rarely","8830030811","B) 15–30 minutes","B) Occasionally","B) Credit/Debit card","C) Poor","B) Somewhat","B) Tried it once","B) Somewhat","C) Local CSC/Agent","B) Somewhat","B) Sometimes","B) Somewhat","B) Somewhat","B) Partially","C) Very few","C) Language","C) Rarely","B) Agree","B) Somewhat","B) Rural youth","B) Maybe","B) 2–3 times","C) Easier interfaces","B) Sometimes","C) No, not interested","C) No"
"2025/10/05 12:17:58 pm GMT+5:30","Rohini Tupe","25-30","B) Somewhat familiar","B) Social media","A) Yes, significantly","A) Yes","B) Occasionally","B) Somewhat","B) Yes, mobile internet","A) Bill payments","B) Agree","A) Yes","C) Rarely","B) Somewhat secure","A) Smartphone","B) Satisfied","B) Sometimes","","B) 15–30 minutes","C) Heard of them but never used","A) UPI (e.g., Google Pay, PhonePe)","B) Somewhat reliable","B) Somewhat","D) Never heard","A) Yes, a lot","A) Helpline/Support","A) Yes","B) Sometimes","B) Somewhat","B) Somewhat","D) Not sure","B) Some are","D) Security concerns","B) In some shops","B) Agree","A) Yes","D) Everyone","A) Yes, definitely","A) Daily","B) More training programs","B) Sometimes","","B) Maybe"
"2025/10/05 12:23:50 pm GMT+5:30","Trupti patil ","18-25","A) Very familiar","A) TV/Radio","A) Yes, significantly","A) Yes","B) Occasionally","B) Somewhat","B) Yes, mobile internet","B) e-Government services","B) Agree","C) No","B) Monthly","B) Somewhat secure","D) Public Kiosk","D) Very dissatisfied","C) Rarely","9673270302","B) 15–30 minutes","A) Yes, often","A) UPI (e.g., Google Pay, PhonePe)","B) Somewhat reliable","C) NO","B) Tried it once","D) Not applicable","C) Local CSC/Agent","D) Not aware","C) Never","A) Yes","C) No","B) Partially","A) Most are","B) Lack of knowledge","C) Rarely","C) Disagree","C) No","D) Everyone","A) Yes, definitely","B) 2–3 times","B) More training programs","A) Yes","A) Yes","A) Yes"
"2025/10/05 12:23:58 pm GMT+5:30","Riya vijay chavan","","A) Very familiar","B) Social media","A) Yes, significantly","B) Partially","A) Yes, frequently","A) Yes","A) Yes, broadband","A) Bill payments","A) Strongly agree","A) Yes","B) Monthly","A) Very secure","A) Smartphone","A) Very satisfied","A) Frequently","7620430789","A) <15 minutes","B) Occasionally","B) Credit/Debit card","B) Somewhat reliable","B) Somewhat","B) Tried it once","B) Somewhat","B) Online forums","B) Somewhat","C) Never","D) Not sure","C) No","B) Partially","C) Very few","C) Language","C) Rarely","C) Disagree","C) No","C) Women","C) No","B) 2–3 times","C) Easier interfaces","A) Yes","A) Yes","A) Yes"
"2025/10/05 12:27:31 pm GMT+5:30","Mayuri Laxman Joshi ","18-25","B) Somewhat familiar","B) Social media","B) Somewhat","B) Partially","B) Occasionally","B) Somewhat","B) Yes, mobile internet","C) Online shopping","B) Agree","B) Sometimes","C) Rarely","B) Somewhat secure","A) Smartphone","B) Satisfied","B) Sometimes","9404056359","A) <15 minutes","B) Occasionally","A) UPI (e.g., Google Pay, PhonePe)","B) Somewhat reliable","B) Somewhat","B) Tried it once","B) Somewhat","B) Online forums","B) Somewhat","B) Sometimes","B) Somewhat","B) Somewhat","B) Partially","B) Some are","A) Internet issues","B) In some shops","B) Agree","B) Somewhat","D) Everyone","B) Maybe","C) Rarely","D) All of the above","B) Sometimes","B) No, but interested","B) Maybe"
"2025/10/05 12:41:40 pm GMT+5:30","Yugandhar Gujar ","18-25","A) Very familiar","C) Government office","B) Somewhat","B) Partially","B) Occasionally","A) Yes","B) Yes, mobile internet","D) None","D)  Not sure","C) No","C) Rarely","C) Not secure","","B) Satisfied","C) Rarely","","A) <15 minutes","C) Heard of them but never used","C) Net Banking","C) Poor","C) NO","C) Heard of it","C) No","B) Online forums","B) Somewhat","B) Sometimes","C) No","C) No","B) Partially","A) Most are","D) Security concerns","A) Everywhere","D) Strongly disagree","B) Somewhat","D) Everyone","B) Maybe","A) Daily","B) More training programs","B) Sometimes","C) No, not interested",""
"2025/10/05 12:43:37 pm GMT+5:30","Vishal patil","25-30","D) Not at all familiar","D) Word of mouth","D) Not sure","D) Not applicable","D) Didn’t know they existed","D) Don’t know","D) Use public/office internet","D) None","Option 3","D) Not applicable","D) Never","D) Not sure","D) Public Kiosk","D) Very dissatisfied","","","D) More than an hour","D) Never heard of them","D) Cash","Option 2","D) Not sure","D) Never heard","D) Not applicable","D) I don’t know how","D) Not aware","D) Not sure","D) Not sure","D) Never used digital services","D) Not sure","D) None","D) Security concerns","D) Not at all","D) Strongly disagree","D) Don’t know","D) Everyone","D) Not sure","D) Never","D) All of the above","D) I need training myself","D) Not aware","D) Not applicable"
"2025/10/05 12:48:39 pm GMT+5:30","Vishhall ","Other","D) Not at all familiar","C) Government office","A) Yes, significantly","B) Partially","C) Never","A) Yes","A) Yes, broadband","A) Bill payments","A) Strongly agree","B) Sometimes","B) Monthly","B) Somewhat secure","A) Smartphone","A) Very satisfied","B) Sometimes","8766025235","A) <15 minutes","B) Occasionally","C) Net Banking","D) No access","C) NO","A) Yes, regularly","A) Yes, a lot","B) Online forums","C) No","A) Frequently","C) No","B) Somewhat","B) Partially","B) Some are","C) Language","B) In some shops","A) Strongly agree","B) Somewhat","B) Rural youth","B) Maybe","B) 2–3 times","A) Better internet","B) Sometimes","B) No, but interested","A) Yes"
"2025/10/05 12:51:09 pm GMT+5:30","Maduri mukesh desai ","Other","A) Very familiar","B) Social media","C) No improvement","B) Partially","C) Never","B) Somewhat","","B) e-Government services","B) Agree","D) Not applicable","B) Monthly","A) Very secure","B) Computer/Laptop","B) Satisfied","B) Sometimes","93732728","B) 15–30 minutes","C) Heard of them but never used","C) Net Banking","A) Very reliable","B) Somewhat","C) Heard of it","C) No","C) Local CSC/Agent","B) Somewhat","A) Frequently","D) Not sure","A) Yes","B) Partially","B) Some are","C) Language","B) In some shops","C) Disagree","A) Yes","B) Rural youth","B) Maybe","B) 2–3 times","A) Better internet","B) Sometimes","B) No, but interested","A) Yes"
"2025/10/05 12:56:07 pm GMT+5:30","Pratibha","30-40","B) Somewhat familiar","C) Government office","C) No improvement","C) No","C) Never","C) No","B) Yes, mobile internet","B) e-Government services","A) Strongly agree","C) No","B) Monthly","A) Very secure","B) Computer/Laptop","A) Very satisfied","A) Frequently","Patil","A) <15 minutes","C) Heard of them but never used","A) UPI (e.g., Google Pay, PhonePe)","B) Somewhat reliable","B) Somewhat","B) Tried it once","C) No","C) Local CSC/Agent","C) No","C) Never","C) No","B) Somewhat","B) Partially","C) Very few","C) Language","C) Rarely","C) Disagree","C) No","A) Senior citizens","C) No","C) Rarely","B) More training programs","B) Sometimes","A) Yes","C) No"
"2025/10/05 12:58:45 pm GMT+5:30","Roshni Rajendra Pardeshi ","18-25","B) Somewhat familiar","B) Social media","B) Somewhat","B) Partially","A) Yes, frequently","B) Somewhat","C) No internet access","C) Online shopping","C) Disagree","B) Sometimes","B) Monthly","C) Not secure","B) Computer/Laptop","C) Dissatisfied","B) Sometimes","","C) 30–60 minutes","B) Occasionally","B) Credit/Debit card","A) Very reliable","B) Somewhat","B) Tried it once","B) Somewhat","","B) Somewhat","C) Never","A) Yes","B) Somewhat","B) Partially","B) Some are","B) Lack of knowledge","B) In some shops","C) Disagree","C) No","B) Rural youth","B) Maybe","D) Never","B) More training programs","B) Sometimes","B) No, but interested","B) Maybe"
"2025/10/05 1:02:08 pm GMT+5:30","Harshal Samadhan Patil ","18-25","A) Very familiar","B) Social media","A) Yes, significantly","A) Yes","A) Yes, frequently","D) Don’t know","B) Yes, mobile internet","C) Online shopping","B) Agree","A) Yes","B) Monthly","A) Very secure","A) Smartphone","A) Very satisfied","A) Frequently","83809 34701 ","A) <15 minutes","A) Yes, often","A) UPI (e.g., Google Pay, PhonePe)","A) Very reliable","A) Yes","A) Yes, regularly","A) Yes, a lot","A) Helpline/Support","A) Yes","A) Frequently","A) Yes","A) Yes","A) Yes","A) Most are","A) Internet issues","A) Everywhere","A) Strongly agree","A) Yes","A) Senior citizens","A) Yes, definitely","A) Daily","A) Better internet","A) Yes","A) Yes","A) Yes"
"2025/10/05 1:03:18 pm GMT+5:30","Vijay Chavan ","18-25","A) Very familiar","B) Social media","A) Yes, significantly","B) Partially","A) Yes, frequently","D) Don’t know","B) Yes, mobile internet","A) Bill payments","B) Agree","A) Yes","B) Monthly","A) Very secure","A) Smartphone","B) Satisfied","B) Sometimes","9673907729","B) 15–30 minutes","B) Occasionally","A) UPI (e.g., Google Pay, PhonePe)","B) Somewhat reliable","A) Yes","A) Yes, regularly","A) Yes, a lot","A) Helpline/Support","C) No","B) Sometimes","A) Yes","A) Yes","B) Partially","A) Most are","D) Security concerns","B) In some shops","B) Agree","C) No","D) Everyone","A) Yes, definitely","A) Daily","D) All of the above","A) Yes","B) No, but interested","A) Yes"
"2025/10/05 1:09:59 pm GMT+5:30","Rahul Chaudhari ","25-30","B) Somewhat familiar","B) Social media","D) Not sure","A) Yes","A) Yes, frequently","C) No","B) Yes, mobile internet","A) Bill payments","B) Agree","A) Yes","A) Weekly","B) Somewhat secure","A) Smartphone","B) Satisfied","B) Sometimes","","A) <15 minutes","D) Never heard of them","A) UPI (e.g., Google Pay, PhonePe)","B) Somewhat reliable","B) Somewhat","A) Yes, regularly","B) Somewhat","B) Online forums","D) Not aware","B) Sometimes","B) Somewhat","B) Somewhat","B) Partially","C) Very few","B) Lack of knowledge","C) Rarely","B) Agree","D) Don’t know","A) Senior citizens","A) Yes, definitely","A) Daily","A) Better internet","A) Yes","A) Yes","A) Yes"
"2025/10/05 1:19:50 pm GMT+5:30","Dhanshree chavan","18-25","A) Very familiar","B) Social media","A) Yes, significantly","A) Yes","A) Yes, frequently","D) Don’t know","B) Yes, mobile internet","C) Online shopping","B) Agree","A) Yes","B) Monthly","A) Very secure","A) Smartphone","B) Satisfied","B) Sometimes","7499229494","B) 15–30 minutes","A) Yes, often","A) UPI (e.g., Google Pay, PhonePe)","A) Very reliable","A) Yes","B) Tried it once","A) Yes, a lot","A) Helpline/Support","C) No","B) Sometimes","A) Yes","A) Yes","B) Partially","B) Some are","A) Internet issues","A) Everywhere","C) Disagree","D) Don’t know","A) Senior citizens","B) Maybe","A) Daily","D) All of the above","A) Yes","B) No, but interested","A) Yes"
"2025/10/05 2:14:24 pm GMT+5:30","Payal Chinchore ","18-25","B) Somewhat familiar","A) TV/Radio","D) Not sure","D) Not applicable","A) Yes, frequently","","B) Yes, mobile internet","","C) Disagree","","D) Never","","D) Public Kiosk","","D) Never","8788600535","B) 15–30 minutes","A) Yes, often","D) Cash","Option 2","A) Yes","","B) Somewhat","","C) No","","D) Not sure","C) No","A) Yes","","C) Language","A) Everywhere","","D) Don’t know","","D) Not sure","A) Daily","","C) No","A) Yes","B) Maybe"
"2025/10/05 3:30:08 pm GMT+5:30","Mohit Chaudhari ","18-25","B) Somewhat familiar","B) Social media","B) Somewhat","A) Yes","A) Yes, frequently","B) Somewhat","A) Yes, broadband","B) e-Government services","A) Strongly agree","B) Sometimes","B) Monthly","B) Somewhat secure","A) Smartphone","B) Satisfied","B) Sometimes","9028715438","B) 15–30 minutes","","B) Credit/Debit card","B) Somewhat reliable","B) Somewhat","B) Tried it once","B) Somewhat","A) Helpline/Support","B) Somewhat","C) Never","D) Not sure","B) Somewhat","C) No","B) Some are","C) Language","B) In some shops","B) Agree","C) No","A) Senior citizens","B) Maybe","B) 2–3 times","B) More training programs","B) Sometimes","B) No, but interested","B) Maybe"
"2025/10/05 3:54:59 pm GMT+5:30","Shivam patil","25-30","C) Heard of it","B) Social media","A) Yes, significantly","A) Yes","B) Occasionally","B) Somewhat","B) Yes, mobile internet","C) Online shopping","D)  Not sure","B) Sometimes","C) Rarely","B) Somewhat secure","B) Computer/Laptop","B) Satisfied","B) Sometimes","8308682210","A) <15 minutes","B) Occasionally","A) UPI (e.g., Google Pay, PhonePe)","A) Very reliable","A) Yes","A) Yes, regularly","B) Somewhat","B) Online forums","B) Somewhat","B) Sometimes","B) Somewhat","B) Somewhat","B) Partially","B) Some are","A) Internet issues","B) In some shops","B) Agree","B) Somewhat","B) Rural youth","B) Maybe","B) 2–3 times","B) More training programs","B) Sometimes","B) No, but interested","B) Maybe"
"2025/10/05 3:58:32 pm GMT+5:30","Meghana gopal mahajan ","18-25","A) Very familiar","B) Social media","A) Yes, significantly","A) Yes","A) Yes, frequently","A) Yes","A) Yes, broadband","B) e-Government services","A) Strongly agree","A) Yes","A) Weekly","A) Very secure","A) Smartphone","A) Very satisfied","A) Frequently","8767051127","B) 15–30 minutes","A) Yes, often","A) UPI (e.g., Google Pay, PhonePe)","A) Very reliable","A) Yes","A) Yes, regularly","A) Yes, a lot","A) Helpline/Support","A) Yes","A) Frequently","A) Yes","A) Yes","A) Yes","A) Most are","A) Internet issues","A) Everywhere","A) Strongly agree","A) Yes","A) Senior citizens","A) Yes, definitely","A) Daily","A) Better internet","A) Yes","A) Yes","A) Yes"
"2025/10/05 3:59:47 pm GMT+5:30","Rani Bhagwat Otari ","18-25","B) Somewhat familiar","B) Social media","B) Somewhat","B) Partially","B) Occasionally","B) Somewhat","B) Yes, mobile internet","B) e-Government services","C) Disagree","B) Sometimes","B) Monthly","C) Not secure","B) Computer/Laptop","B) Satisfied","A) Frequently","9372323516","B) 15–30 minutes","B) Occasionally","B) Credit/Debit card","C) Poor","B) Somewhat","C) Heard of it","C) No","B) Online forums","C) No","C) Never","C) No","B) Somewhat","C) No","B) Some are","B) Lack of knowledge","B) In some shops","B) Agree","D) Don’t know","A) Senior citizens","B) Maybe","C) Rarely","C) Easier interfaces","C) No","C) No, not interested","C) No"
"2025/10/05 4:02:25 pm GMT+5:30","Mahesh ","18-25","A) Very familiar","B) Social media","D) Not sure","C) No","A) Yes, frequently","B) Somewhat","B) Yes, mobile internet","D) None","D)  Not sure","D) Not applicable","C) Rarely","B) Somewhat secure","A) Smartphone","B) Satisfied","B) Sometimes","9385920409","C) 30–60 minutes","D) Never heard of them","C) Net Banking","C) Poor","C) NO","A) Yes, regularly","B) Somewhat","C) Local CSC/Agent","B) Somewhat","A) Frequently","A) Yes","D) Never used digital services","D) Not sure","B) Some are","A) Internet issues","C) Rarely","D) Strongly disagree","C) No","B) Rural youth","D) Not sure","A) Daily","A) Better internet","A) Yes","A) Yes","A) Yes"
"2025/10/05 4:20:13 pm GMT+5:30","Nandini Patil ","18-25","A) Very familiar","A) TV/Radio","A) Yes, significantly","A) Yes","A) Yes, frequently","A) Yes","A) Yes, broadband","A) Bill payments","A) Strongly agree","A) Yes","A) Weekly","A) Very secure","A) Smartphone","A) Very satisfied","A) Frequently","No ","A) <15 minutes","A) Yes, often","A) UPI (e.g., Google Pay, PhonePe)","A) Very reliable","A) Yes","A) Yes, regularly","A) Yes, a lot","A) Helpline/Support","A) Yes","A) Frequently","A) Yes","A) Yes","A) Yes","A) Most are","A) Internet issues","A) Everywhere","A) Strongly agree","A) Yes","A) Senior citizens","A) Yes, definitely","A) Daily","A) Better internet","A) Yes","A) Yes","A) Yes"
"2025/10/05 4:50:55 pm GMT+5:30","Priti Pardeshi ","18-25","B) Somewhat familiar","B) Social media","A) Yes, significantly","A) Yes","B) Occasionally","A) Yes","B) Yes, mobile internet","B) e-Government services","B) Agree","B) Sometimes","C) Rarely","A) Very secure","B) Computer/Laptop","B) Satisfied","C) Rarely","7774839897","A) <15 minutes","A) Yes, often","A) UPI (e.g., Google Pay, PhonePe)","B) Somewhat reliable","B) Somewhat","A) Yes, regularly","B) Somewhat","B) Online forums","A) Yes","C) Never","D) Not sure","D) Never used digital services","B) Partially","A) Most are","B) Lack of knowledge","A) Everywhere","B) Agree","A) Yes","C) Women","A) Yes, definitely","B) 2–3 times","B) More training programs","B) Sometimes","A) Yes","B) Maybe"
"2025/10/05 5:01:48 pm GMT+5:30","Mayuri Patil ","18-25","A) Very familiar","B) Social media","A) Yes, significantly","B) Partially","B) Occasionally","A) Yes","A) Yes, broadband","B) e-Government services","B) Agree","A) Yes","D) Never","B) Somewhat secure","A) Smartphone","B) Satisfied","B) Sometimes","8788876785","D) More than an hour","A) Yes, often","B) Credit/Debit card","A) Very reliable","A) Yes","A) Yes, regularly","B) Somewhat","B) Online forums","A) Yes","A) Frequently","A) Yes","B) Somewhat","A) Yes","A) Most are","A) Internet issues","B) In some shops","B) Agree","A) Yes","B) Rural youth","B) Maybe","D) Never","A) Better internet","A) Yes","A) Yes","A) Yes"
"2025/10/05 5:37:27 pm GMT+5:30","Patil Nilima Pandurang ","18-25","B) Somewhat familiar","D) Word of mouth","D) Not sure","A) Yes","A) Yes, frequently","D) Don’t know","B) Yes, mobile internet","C) Online shopping","B) Agree","A) Yes","A) Weekly","B) Somewhat secure","A) Smartphone","B) Satisfied","B) Sometimes","8080262792","C) 30–60 minutes","C) Heard of them but never used","A) UPI (e.g., Google Pay, PhonePe)","B) Somewhat reliable","A) Yes","A) Yes, regularly","B) Somewhat","A) Helpline/Support","B) Somewhat","B) Sometimes","A) Yes","A) Yes","A) Yes","B) Some are","C) Language","B) In some shops","B) Agree","A) Yes","D) Everyone","A) Yes, definitely","A) Daily","D) All of the above","D) I need training myself","D) Not aware","A) Yes"
"2025/10/05 5:48:03 pm GMT+5:30","Gaurav patil ","18-25","B) Somewhat familiar","A) TV/Radio","D) Not sure","B) Partially","A) Yes, frequently","A) Yes","C) No internet access","C) Online shopping","A) Strongly agree","B) Sometimes","B) Monthly","B) Somewhat secure","C) Tablet","A) Very satisfied","B) Sometimes","8149204388","B) 15–30 minutes","A) Yes, often","A) UPI (e.g., Google Pay, PhonePe)","B) Somewhat reliable","A) Yes","B) Tried it once","C) No","B) Online forums","C) No","A) Frequently","B) Somewhat","B) Somewhat","B) Partially","A) Most are","C) Language","A) Everywhere","B) Agree","A) Yes","C) Women","B) Maybe","B) 2–3 times","C) Easier interfaces","D) I need training myself","D) Not aware","C) No"
"2025/10/05 5:52:35 pm GMT+5:30","Komal Pawar ","18-25","A) Very familiar","B) Social media","A) Yes, significantly","A) Yes","A) Yes, frequently","A) Yes","B) Yes, mobile internet","C) Online shopping","B) Agree","A) Yes","C) Rarely","A) Very secure","A) Smartphone","B) Satisfied","B) Sometimes","","D) More than an hour","D) Never heard of them","A) UPI (e.g., Google Pay, PhonePe)","A) Very reliable","A) Yes","A) Yes, regularly","B) Somewhat","B) Online forums","A) Yes","C) Never","A) Yes","A) Yes","B) Partially","B) Some are","A) Internet issues","A) Everywhere","B) Agree","C) No","C) Women","B) Maybe","A) Daily","A) Better internet","A) Yes","A) Yes","A) Yes"
"2025/10/05 5:58:44 pm GMT+5:30","Sachin Patil ","30-40","A) Very familiar","B) Social media","B) Somewhat","A) Yes","B) Occasionally","C) No","B) Yes, mobile internet","A) Bill payments","B) Agree","A) Yes","A) Weekly","B) Somewhat secure","A) Smartphone","B) Satisfied","C) Rarely","9011594853","B) 15–30 minutes","D) Never heard of them","A) UPI (e.g., Google Pay, PhonePe)","A) Very reliable","B) Somewhat","A) Yes, regularly","C) No","B) Online forums","B) Somewhat","A) Frequently","A) Yes","A) Yes","A) Yes","B) Some are","B) Lack of knowledge","A) Everywhere","B) Agree","B) Somewhat","D) Everyone","A) Yes, definitely","A) Daily","D) All of the above","A) Yes","B) No, but interested","A) Yes"
"2025/10/05 6:08:34 pm GMT+5:30","Atharav Chavan","Other","A) Very familiar","C) Government office","A) Yes, significantly","B) Partially","A) Yes, frequently","B) Somewhat","A) Yes, broadband","B) e-Government services","A) Strongly agree","B) Sometimes","B) Monthly","B) Somewhat secure","B) Computer/Laptop","A) Very satisfied","B) Sometimes","7558602767","A) <15 minutes","B) Occasionally","C) Net Banking","B) Somewhat reliable","B) Somewhat","A) Yes, regularly","A) Yes, a lot","C) Local CSC/Agent","C) No","C) Never","B) Somewhat","C) No","D) Not sure","A) Most are","C) Language","C) Rarely","B) Agree","A) Yes","D) Everyone","A) Yes, definitely","C) Rarely","B) More training programs","D) I need training myself","","B) Maybe"
"2025/10/05 6:24:47 pm GMT+5:30","Shital ganesh patil","25-30","A) Very familiar","B) Social media","C) No improvement","B) Partially","C) Never","A) Yes","D) Use public/office internet","B) e-Government services","Option 3","C) No","C) Rarely","A) Very secure","B) Computer/Laptop","C) Dissatisfied","C) Rarely","7219516853","B) 15–30 minutes","C) Heard of them but never used","D) Cash","B) Somewhat reliable","A) Yes","C) Heard of it","C) No","D) I don’t know how","C) No","B) Sometimes","B) Somewhat","C) No","B) Partially","B) Some are","B) Lack of knowledge","C) Rarely","C) Disagree","B) Somewhat","C) Women","B) Maybe","C) Rarely","C) Easier interfaces","C) No","C) No, not interested","B) Maybe"
"2025/10/05 6:44:29 pm GMT+5:30","Lokesh Samadhan Patil","18-25","C) Heard of it","B) Social media","D) Not sure","A) Yes","A) Yes, frequently","C) No","B) Yes, mobile internet","C) Online shopping","A) Strongly agree","A) Yes","C) Rarely","A) Very secure","A) Smartphone","B) Satisfied","B) Sometimes","8010238239","D) More than an hour","D) Never heard of them","A) UPI (e.g., Google Pay, PhonePe)","A) Very reliable","D) Not sure","A) Yes, regularly","D) Not applicable","D) I don’t know how","C) No","C) Never","D) Not sure","A) Yes","D) Not sure","B) Some are","A) Internet issues","A) Everywhere","B) Agree","D) Don’t know","A) Senior citizens","A) Yes, definitely","B) 2–3 times","A) Better internet","B) Sometimes","D) Not aware","A) Yes"
"2025/10/05 6:48:10 pm GMT+5:30","Gayatri Devidas Kakade","18-25","A) Very familiar","C) Government office","D) Not sure","C) No","D) Didn’t know they existed","B) Somewhat","C) No internet access","A) Bill payments","A) Strongly agree","B) Sometimes","B) Monthly","A) Very secure","B) Computer/Laptop","A) Very satisfied","B) Sometimes","7841892324","D) More than an hour","A) Yes, often","A) UPI (e.g., Google Pay, PhonePe)","A) Very reliable","B) Somewhat","B) Tried it once","C) No","A) Helpline/Support","C) No","A) Frequently","A) Yes","D) Never used digital services","A) Yes","C) Very few","D) Security concerns","D) Not at all","A) Strongly agree","C) No","A) Senior citizens","C) No","C) Rarely","C) Easier interfaces","A) Yes","B) No, but interested","B) Maybe"
"2025/10/05 7:02:49 pm GMT+5:30","Bhagyashree mayur patil","25-30","B) Somewhat familiar","B) Social media","B) Somewhat","D) Not applicable","C) Never","B) Somewhat","B) Yes, mobile internet","B) e-Government services","C) Disagree","B) Sometimes","C) Rarely","B) Somewhat secure","A) Smartphone","B) Satisfied","B) Sometimes","9730902835","B) 15–30 minutes","D) Never heard of them","B) Credit/Debit card","B) Somewhat reliable","B) Somewhat","B) Tried it once","B) Somewhat","B) Online forums","B) Somewhat","C) Never","B) Somewhat","C) No","B) Partially","C) Very few","C) Language","C) Rarely","C) Disagree","C) No","C) Women","B) Maybe","A) Daily","B) More training programs","C) No","C) No, not interested","C) No"
"2025/10/05 7:07:37 pm GMT+5:30","Lakhasham vittal patil","Other","B) Somewhat familiar","C) Government office","B) Somewhat","B) Partially","B) Occasionally","B) Somewhat","C) No internet access","C) Online shopping","B) Agree","A) Yes","A) Weekly","A) Very secure","B) Computer/Laptop","B) Satisfied","A) Frequently","9765212630","A) <15 minutes","C) Heard of them but never used","B) Credit/Debit card","B) Somewhat reliable","B) Somewhat","B) Tried it once","B) Somewhat","B) Online forums","B) Somewhat","A) Frequently","B) Somewhat","B) Somewhat","C) No","C) Very few","B) Lack of knowledge","A) Everywhere","B) Agree","C) No","C) Women","C) No","B) 2–3 times","B) More training programs","A) Yes","B) No, but interested","B) Maybe"
"2025/10/05 7:25:00 pm GMT+5:30","Prerna murlidhar patil","Other","A) Very familiar","B) Social media","B) Somewhat","C) No","C) Never","B) Somewhat","B) Yes, mobile internet","C) Online shopping","B) Agree","A) Yes","C) Rarely","B) Somewhat secure","A) Smartphone","B) Satisfied","B) Sometimes","9421706729","A) <15 minutes","C) Heard of them but never used","A) UPI (e.g., Google Pay, PhonePe)","B) Somewhat reliable","D) Not sure","C) Heard of it","B) Somewhat","A) Helpline/Support","B) Somewhat","C) Never","B) Somewhat","A) Yes","A) Yes","A) Most are","D) Security concerns","A) Everywhere","B) Agree","B) Somewhat","D) Everyone","A) Yes, definitely","B) 2–3 times","C) Easier interfaces","A) Yes","B) No, but interested","A) Yes"
"2025/10/05 7:34:37 pm GMT+5:30","ATHARVA chavan","18-25","B) Somewhat familiar","B) Social media","B) Somewhat","C) No","A) Yes, frequently","A) Yes","B) Yes, mobile internet","D) None","B) Agree","B) Sometimes","D) Never","A) Very secure","B) Computer/Laptop","B) Satisfied","A) Frequently","7558602767","A) <15 minutes","A) Yes, often","A) UPI (e.g., Google Pay, PhonePe)","A) Very reliable","A) Yes","D) Never heard","D) Not applicable","D) I don’t know how","C) No","C) Never","B) Somewhat","B) Somewhat","B) Partially","B) Some are","B) Lack of knowledge","B) In some shops","C) Disagree","C) No","B) Rural youth","B) Maybe","B) 2–3 times","A) Better internet","C) No","B) No, but interested","C) No"
"2025/10/05 7:55:36 pm GMT+5:30","Gopichand vitthal patil ","Other","C) Heard of it","B) Social media","B) Somewhat","B) Partially","B) Occasionally","C) No","C) No internet access","C) Online shopping","Option 3","C) No","B) Monthly","B) Somewhat secure","B) Computer/Laptop","D) Very dissatisfied","C) Rarely","8007423008","B) 15–30 minutes","B) Occasionally","C) Net Banking","C) Poor","A) Yes","C) Heard of it","C) No","B) Online forums","B) Somewhat","B) Sometimes","B) Somewhat","C) No","C) No","C) Very few","C) Language","C) Rarely","B) Agree","B) Somewhat","B) Rural youth","B) Maybe","B) 2–3 times","B) More training programs","B) Sometimes","B) No, but interested","B) Maybe"
"2025/10/05 8:20:30 pm GMT+5:30","Nilu","18-25","B) Somewhat familiar","D) Word of mouth","A) Yes, significantly","A) Yes","A) Yes, frequently","B) Somewhat","A) Yes, broadband","C) Online shopping","Option 3","A) Yes","A) Weekly","B) Somewhat secure","B) Computer/Laptop","B) Satisfied","D) Never","8928969444","D) More than an hour","A) Yes, often","A) UPI (e.g., Google Pay, PhonePe)","Option 2","D) Not sure","A) Yes, regularly","A) Yes, a lot","A) Helpline/Support","C) No","B) Sometimes","A) Yes","B) Somewhat","A) Yes","D) None","A) Internet issues","A) Everywhere","B) Agree","D) Don’t know","D) Everyone","A) Yes, definitely","A) Daily","D) All of the above","A) Yes","B) No, but interested","A) Yes"
"2025/10/05 9:39:54 pm GMT+5:30","Pooja dhanraj nemade ","18-25","B) Somewhat familiar","A) TV/Radio","C) No improvement","D) Not applicable","A) Yes, frequently","C) No","B) Yes, mobile internet","D) None","C) Disagree","B) Sometimes","A) Weekly","D) Not sure","A) Smartphone","C) Dissatisfied","B) Sometimes","9270014192","D) More than an hour","A) Yes, often","A) UPI (e.g., Google Pay, PhonePe)","Option 2","A) Yes","D) Never heard","A) Yes, a lot","C) Local CSC/Agent","B) Somewhat","B) Sometimes","A) Yes","B) Somewhat","B) Partially","C) Very few","C) Language","C) Rarely","C) Disagree","B) Somewhat","A) Senior citizens","C) No","B) 2–3 times","B) More training programs","A) Yes","C) No, not interested","C) No"
"2025/10/06 12:20:22 pm GMT+5:30","Rishikesh Ramesh Patil ","18-25","A) Very familiar","A) TV/Radio","B) Somewhat","B) Partially","A) Yes, frequently","C) No","D) Use public/office internet","C) Online shopping","A) Strongly agree","A) Yes","C) Rarely","B) Somewhat secure","A) Smartphone","A) Very satisfied","A) Frequently","750221477","A) <15 minutes","D) Never heard of them","C) Net Banking","B) Somewhat reliable","C) NO","C) Heard of it","B) Somewhat","B) Online forums","B) Somewhat","B) Sometimes","A) Yes","B) Somewhat","A) Yes","B) Some are","","D) Not at all","B) Agree","A) Yes","A) Senior citizens","A) Yes, definitely","B) 2–3 times","B) More training programs","A) Yes","D) Not aware","A) Yes"
"2025/10/06 2:17:23 pm GMT+5:30","Sanket bari ","18-25","B) Somewhat familiar","B) Social media","A) Yes, significantly","A) Yes","C) Never","B) Somewhat","B) Yes, mobile internet","C) Online shopping","D)  Not sure","B) Sometimes","C) Rarely","C) Not secure","B) Computer/Laptop","D) Very dissatisfied","B) Sometimes","8121395936","B) 15–30 minutes","B) Occasionally","B) Credit/Debit card","B) Somewhat reliable","B) Somewhat","A) Yes, regularly","B) Somewhat","B) Online forums","B) Somewhat","B) Sometimes","B) Somewhat","B) Somewhat","B) Partially","B) Some are","D) Security concerns","C) Rarely","C) Disagree","B) Somewhat","B) Rural youth","A) Yes, definitely","C) Rarely","C) Easier interfaces","B) Sometimes","C) No, not interested","C) No"
"2025/10/06 4:26:05 pm GMT+5:30","Pavan nikam","18-25","B) Somewhat familiar","B) Social media","B) Somewhat","A) Yes","A) Yes, frequently","B) Somewhat","C) No internet access","B) e-Government services","B) Agree","C) No","A) Weekly","B) Somewhat secure","C) Tablet","B) Satisfied","C) Rarely","","B) 15–30 minutes","B) Occasionally","C) Net Banking","B) Somewhat reliable","B) Somewhat","C) Heard of it","B) Somewhat","A) Helpline/Support","D) Not aware","B) Sometimes","A) Yes","C) No","B) Partially","B) Some are","B) Lack of knowledge","A) Everywhere","B) Agree","B) Somewhat","B) Rural youth","C) No","B) 2–3 times","A) Better internet","B) Sometimes","A) Yes","C) No"
"2025/10/06 6:38:48 pm GMT+5:30","Vijay Bapu Chavan","30-40","A) Very familiar","A) TV/Radio","A) Yes, significantly","B) Partially","A) Yes, frequently","A) Yes","A) Yes, broadband","B) e-Government services","B) Agree","A) Yes","A) Weekly","A) Very secure","B) Computer/Laptop","A) Very satisfied","A) Frequently","9325721700","B) 15–30 minutes","A) Yes, often","A) UPI (e.g., Google Pay, PhonePe)","A) Very reliable","A) Yes","A) Yes, regularly","B) Somewhat","B) Online forums","A) Yes","A) Frequently","A) Yes","A) Yes","B) Partially","A) Most are","A) Internet issues","A) Everywhere","A) Strongly agree","B) Somewhat","C) Women","A) Yes, definitely","A) Daily","A) Better internet","A) Yes","A) Yes","A) Yes"
"2025/10/06 6:56:47 pm GMT+5:30","Sambhaji Ambadas pawar ","30-40","A) Very familiar","B) Social media","B) Somewhat","B) Partially","A) Yes, frequently","A) Yes","B) Yes, mobile internet","A) Bill payments","A) Strongly agree","A) Yes","A) Weekly","C) Not secure","A) Smartphone","A) Very satisfied","A) Frequently","9765333488","A) <15 minutes","B) Occasionally","C) Net Banking","A) Very reliable","A) Yes","A) Yes, regularly","A) Yes, a lot","A) Helpline/Support","C) No","A) Frequently","B) Somewhat","A) Yes","A) Yes","A) Most are","A) Internet issues","A) Everywhere","A) Strongly agree","B) Somewhat","D) Everyone","A) Yes, definitely","A) Daily","A) Better internet","A) Yes","A) Yes","A) Yes"
"2025/10/06 6:58:50 pm GMT+5:30","Bharati ambadas pawar ","30-40","A) Very familiar","C) Government office","A) Yes, significantly","A) Yes","A) Yes, frequently","A) Yes","C) No internet access","A) Bill payments","A) Strongly agree","A) Yes","D) Never","D) Not sure","A) Smartphone","B) Satisfied","B) Sometimes","9579091774","A) <15 minutes","A) Yes, often","A) UPI (e.g., Google Pay, PhonePe)","A) Very reliable","B) Somewhat","A) Yes, regularly","A) Yes, a lot","C) Local CSC/Agent","A) Yes","A) Frequently","A) Yes","A) Yes","B) Partially","A) Most are","D) Security concerns","A) Everywhere","A) Strongly agree","A) Yes","B) Rural youth","B) Maybe","A) Daily","A) Better internet","A) Yes","A) Yes","A) Yes"
"2025/10/06 7:23:51 pm GMT+5:30","Prathmeshpatil683@gmail.com","18-25","A) Very familiar","C) Government office","A) Yes, significantly","A) Yes","A) Yes, frequently","A) Yes","A) Yes, broadband","A) Bill payments","A) Strongly agree","A) Yes","A) Weekly","A) Very secure","A) Smartphone","A) Very satisfied","A) Frequently","8010864390","B) 15–30 minutes","A) Yes, often","A) UPI (e.g., Google Pay, PhonePe)","A) Very reliable","A) Yes","A) Yes, regularly","A) Yes, a lot","A) Helpline/Support","A) Yes","A) Frequently","A) Yes","A) Yes","A) Yes","A) Most are","A) Internet issues","A) Everywhere","A) Strongly agree","A) Yes","B) Rural youth","A) Yes, definitely","A) Daily","A) Better internet","A) Yes","A) Yes","A) Yes"
"2025/10/06 7:33:29 pm GMT+5:30","Anil Chaudhari ","Other","B) Somewhat familiar","C) Government office","A) Yes, significantly","A) Yes","B) Occasionally","B) Somewhat","B) Yes, mobile internet","C) Online shopping","B) Agree","C) No","A) Weekly","A) Very secure","A) Smartphone","B) Satisfied","B) Sometimes","9764030115","A) <15 minutes","B) Occasionally","A) UPI (e.g., Google Pay, PhonePe)","B) Somewhat reliable","B) Somewhat","D) Never heard","B) Somewhat","B) Online forums","B) Somewhat","A) Frequently","A) Yes","A) Yes","A) Yes","B) Some are","B) Lack of knowledge","B) In some shops","B) Agree","A) Yes","D) Everyone","A) Yes, definitely","A) Daily","A) Better internet","A) Yes","B) No, but interested","A) Yes"
"2025/10/06 7:43:19 pm GMT+5:30","Harshal pawar","18-25","B) Somewhat familiar","B) Social media","C) No improvement","B) Partially","A) Yes, frequently","B) Somewhat","C) No internet access","C) Online shopping","D)  Not sure","B) Sometimes","B) Monthly","C) Not secure","C) Tablet","B) Satisfied","B) Sometimes","9172627404","C) 30–60 minutes","B) Occasionally","B) Credit/Debit card","B) Somewhat reliable","B) Somewhat","A) Yes, regularly","C) No","C) Local CSC/Agent","B) Somewhat","B) Sometimes","A) Yes","B) Somewhat","A) Yes","B) Some are","B) Lack of knowledge","B) In some shops","C) Disagree","C) No","B) Rural youth","A) Yes, definitely","A) Daily","B) More training programs","B) Sometimes","A) Yes","A) Yes"
"2025/10/06 7:54:46 pm GMT+5:30","Shubham patil ","25-30","B) Somewhat familiar","B) Social media","B) Somewhat","A) Yes","B) Occasionally","C) No","B) Yes, mobile internet","C) Online shopping","A) Strongly agree","A) Yes","C) Rarely","A) Very secure","A) Smartphone","C) Dissatisfied","A) Frequently","8296390136","C) 30–60 minutes","D) Never heard of them","A) UPI (e.g., Google Pay, PhonePe)","B) Somewhat reliable","B) Somewhat","D) Never heard","C) No","B) Online forums","A) Yes","B) Sometimes","A) Yes","B) Somewhat","A) Yes","B) Some are","D) Security concerns","A) Everywhere","A) Strongly agree","C) No","D) Everyone","A) Yes, definitely","A) Daily","D) All of the above","A) Yes","B) No, but interested","A) Yes"
"2025/10/06 8:15:14 pm GMT+5:30","Shrikant Koli ","18-25","A) Very familiar","A) TV/Radio","A) Yes, significantly","A) Yes","A) Yes, frequently","A) Yes","B) Yes, mobile internet","A) Bill payments","B) Agree","B) Sometimes","D) Never","B) Somewhat secure","B) Computer/Laptop","B) Satisfied","B) Sometimes","8080893650","A) <15 minutes","B) Occasionally","B) Credit/Debit card","C) Poor","B) Somewhat","A) Yes, regularly","B) Somewhat","A) Helpline/Support","A) Yes","A) Frequently","A) Yes","","C) No","B) Some are","A) Internet issues","C) Rarely","B) Agree","A) Yes","D) Everyone","A) Yes, definitely","B) 2–3 times","D) All of the above","A) Yes","A) Yes","A) Yes"
"2025/10/06 8:32:56 pm GMT+5:30","Shubham sharad pawar ","18-25","A) Very familiar","A) TV/Radio","B) Somewhat","A) Yes","A) Yes, frequently","B) Somewhat","B) Yes, mobile internet","A) Bill payments","B) Agree","B) Sometimes","C) Rarely","A) Very secure","A) Smartphone","B) Satisfied","B) Sometimes","8999594841","D) More than an hour","A) Yes, often","A) UPI (e.g., Google Pay, PhonePe)","Option 2","A) Yes","D) Never heard","B) Somewhat","A) Helpline/Support","B) Somewhat","B) Sometimes","A) Yes","C) No","A) Yes","A) Most are","B) Lack of knowledge","A) Everywhere","B) Agree","A) Yes","A) Senior citizens","A) Yes, definitely","A) Daily","A) Better internet","A) Yes","B) No, but interested","B) Maybe"
"2025/10/06 8:33:17 pm GMT+5:30","Ayush patil ","18-25","A) Very familiar","B) Social media","A) Yes, significantly","A) Yes","A) Yes, frequently","A) Yes","A) Yes, broadband","A) Bill payments","A) Strongly agree","A) Yes","B) Monthly","B) Somewhat secure","A) Smartphone","B) Satisfied","B) Sometimes","7773903131","B) 15–30 minutes","A) Yes, often","A) UPI (e.g., Google Pay, PhonePe)","A) Very reliable","A) Yes","A) Yes, regularly","A) Yes, a lot","A) Helpline/Support","A) Yes","A) Frequently","A) Yes","A) Yes","A) Yes","A) Most are","A) Internet issues","A) Everywhere","A) Strongly agree","A) Yes","A) Senior citizens","A) Yes, definitely","A) Daily","A) Better internet","A) Yes","A) Yes","A) Yes"
"2025/10/06 9:28:14 pm GMT+5:30","Milind kumbhar","18-25","A) Very familiar","A) TV/Radio","A) Yes, significantly","A) Yes","A) Yes, frequently","A) Yes","A) Yes, broadband","A) Bill payments","A) Strongly agree","A) Yes","A) Weekly","A) Very secure","A) Smartphone","A) Very satisfied","A) Frequently","7498392950","A) <15 minutes","A) Yes, often","A) UPI (e.g., Google Pay, PhonePe)","A) Very reliable","A) Yes","A) Yes, regularly","A) Yes, a lot","A) Helpline/Support","A) Yes","A) Frequently","A) Yes","A) Yes","A) Yes","A) Most are","A) Internet issues","A) Everywhere","A) Strongly agree","A) Yes","A) Senior citizens","A) Yes, definitely","A) Daily","A) Better internet","A) Yes","A) Yes","A) Yes"
"2025/10/06 9:35:14 pm GMT+5:30","Yogesh R Wagh ","30-40","B) Somewhat familiar","B) Social media","B) Somewhat","A) Yes","B) Occasionally","C) No","B) Yes, mobile internet","A) Bill payments","D)  Not sure","B) Sometimes","C) Rarely","B) Somewhat secure","A) Smartphone","B) Satisfied","B) Sometimes","9923436033","D) More than an hour","D) Never heard of them","C) Net Banking","B) Somewhat reliable","C) NO","C) Heard of it","B) Somewhat","A) Helpline/Support","D) Not aware","B) Sometimes","B) Somewhat","C) No","B) Partially","C) Very few","D) Security concerns","C) Rarely","C) Disagree","B) Somewhat","D) Everyone","B) Maybe","A) Daily","D) All of the above","A) Yes","B) No, but interested","A) Yes"
"2025/10/06 11:29:44 pm GMT+5:30","kp","25-30","C) Heard of it","C) Government office","C) No improvement","C) No","C) Never","C) No","C) No internet access","C) Online shopping","C) Disagree","D) Not applicable","D) Never","C) Not secure","C) Tablet","D) Very dissatisfied","D) Never","7972958310","A) <15 minutes","A) Yes, often","A) UPI (e.g., Google Pay, PhonePe)","A) Very reliable","A) Yes","A) Yes, regularly","A) Yes, a lot","A) Helpline/Support","A) Yes","","C) No","D) Never used digital services","B) Partially","B) Some are","A) Internet issues","A) Everywhere","A) Strongly agree","D) Don’t know","B) Rural youth","D) Not sure","D) Never","D) All of the above","B) Sometimes","B) No, but interested","B) Maybe"
"2025/10/07 7:05:30 am GMT+5:30","Manmohan Patil ","18-25","B) Somewhat familiar","B) Social media","B) Somewhat","A) Yes","A) Yes, frequently","B) Somewhat","B) Yes, mobile internet","A) Bill payments","B) Agree","B) Sometimes","A) Weekly","A) Very secure","B) Computer/Laptop","B) Satisfied","A) Frequently","9420161431","A) <15 minutes","A) Yes, often","A) UPI (e.g., Google Pay, PhonePe)","A) Very reliable","A) Yes","A) Yes, regularly","A) Yes, a lot","B) Online forums","A) Yes","B) Sometimes","A) Yes","A) Yes","B) Partially","B) Some are","A) Internet issues","A) Everywhere","B) Agree","A) Yes","B) Rural youth","A) Yes, definitely","B) 2–3 times","A) Better internet","A) Yes","A) Yes","A) Yes"
"2025/10/07 7:44:40 pm GMT+5:30","Savita patil","25-30","C) Heard of it","A) TV/Radio","C) No improvement","A) Yes","D) Didn’t know they existed","B) Somewhat","C) No internet access","A) Bill payments","D)  Not sure","C) No","A) Weekly","B) Somewhat secure","D) Public Kiosk","C) Dissatisfied","A) Frequently","9158153200","B) 15–30 minutes","C) Heard of them but never used","D) Cash","C) Poor","C) NO","A) Yes, regularly","D) Not applicable","A) Helpline/Support","C) No","A) Frequently","B) Somewhat","C) No","D) Not sure","A) Most are","C) Language","D) Not at all","B) Agree","A) Yes","C) Women","D) Not sure","A) Daily","B) More training programs","C) No","A) Yes","B) Maybe"
"2025/10/07 11:05:05 pm GMT+5:30","Amol","18-25","A) Very familiar","B) Social media","C) No improvement","A) Yes","A) Yes, frequently","B) Somewhat","C) No internet access","B) e-Government services","D)  Not sure","A) Yes","C) Rarely","D) Not sure","C) Tablet","A) Very satisfied","A) Frequently","","B) 15–30 minutes","B) Occasionally","B) Credit/Debit card","A) Very reliable","C) NO","A) Yes, regularly","A) Yes, a lot","B) Online forums","B) Somewhat","A) Frequently","A) Yes","B) Somewhat","C) No","D) None","B) Lack of knowledge","B) In some shops","B) Agree","A) Yes","B) Rural youth","D) Not sure","B) 2–3 times","C) Easier interfaces","C) No","C) No, not interested","D) Not applicable"
"2025/10/09 2:54:11 pm GMT+5:30","Hitesh Vasant Patil ","18-25","A) Very familiar","B) Social media","B) Somewhat","A) Yes","C) Never","C) No","B) Yes, mobile internet","C) Online shopping","Option 3","","","","","","","","","","","","","","","","","C) Never","A) Yes","C) No","D) Not sure","","","","","","","","A) Daily","D) All of the above","A) Yes","B) No, but interested","A) Yes"
"2025/10/12 9:54:06 pm GMT+5:30","Sagar patil","25-30","B) Somewhat familiar","C) Government office","A) Yes, significantly","D) Not applicable","B) Occasionally","C) No","C) No internet access","A) Bill payments","D)  Not sure","C) No","A) Weekly","B) Somewhat secure","B) Computer/Laptop","C) Dissatisfied","A) Frequently","","C) 30–60 minutes","C) Heard of them but never used","A) UPI (e.g., Google Pay, PhonePe)","C) Poor","C) NO","A) Yes, regularly","C) No","B) Online forums","D) Not aware","C) Never","C) No","A) Yes","C) No","B) Some are","A) Internet issues","C) Rarely","B) Agree","B) Somewhat","D) Everyone","A) Yes, definitely","C) Rarely","A) Better internet","C) No","B) No, but interested","C) No"
"2025/10/12 9:57:49 pm GMT+5:30","Vishakha mahajan ","18-25","B) Somewhat familiar","B) Social media","A) Yes, significantly","A) Yes","B) Occasionally","B) Somewhat","B) Yes, mobile internet","C) Online shopping","C) Disagree","C) No","C) Rarely","B) Somewhat secure","B) Computer/Laptop","B) Satisfied","C) Rarely","9579192676","A) <15 minutes","A) Yes, often","C) Net Banking","C) Poor","B) Somewhat","C) Heard of it","B) Somewhat","B) Online forums","B) Somewhat","B) Sometimes","A) Yes","B) Somewhat","C) No","B) Some are","A) Internet issues","A) Everywhere","A) Strongly agree","B) Somewhat","B) Rural youth","B) Maybe","B) 2–3 times","A) Better internet","A) Yes","B) No, but interested","A) Yes"
"2025/10/12 9:58:48 pm GMT+5:30","Mansi Baviskar ","18-25","A) Very familiar","B) Social media","C) No improvement","A) Yes","B) Occasionally","B) Somewhat","C) No internet access","B) e-Government services","C) Disagree","C) No","A) Weekly","B) Somewhat secure","C) Tablet","D) Very dissatisfied","A) Frequently","","B) 15–30 minutes","C) Heard of them but never used","","A) Very reliable","B) Somewhat","B) Tried it once","A) Yes, a lot","A) Helpline/Support","B) Somewhat","D) Not sure","C) No","A) Yes","B) Partially","D) None","A) Internet issues","B) In some shops","C) Disagree","D) Don’t know","C) Women","B) Maybe","C) Rarely","C) Easier interfaces","D) I need training myself","B) No, but interested","D) Not applicable"
"2025/10/12 10:01:06 pm GMT+5:30","Vinay patil ","18-25","A) Very familiar","A) TV/Radio","A) Yes, significantly","A) Yes","A) Yes, frequently","A) Yes","B) Yes, mobile internet","A) Bill payments","A) Strongly agree","A) Yes","B) Monthly","B) Somewhat secure","A) Smartphone","A) Very satisfied","A) Frequently","8308494326","B) 15–30 minutes","A) Yes, often","A) UPI (e.g., Google Pay, PhonePe)","A) Very reliable","A) Yes","A) Yes, regularly","A) Yes, a lot","A) Helpline/Support","A) Yes","A) Frequently","A) Yes","B) Somewhat","A) Yes","B) Some are","A) Internet issues","A) Everywhere","A) Strongly agree","A) Yes","B) Rural youth","A) Yes, definitely","A) Daily","A) Better internet","A) Yes","A) Yes","C) No"
"2025/10/12 10:46:41 pm GMT+5:30","Gayatri  Jaykare ","18-25","D) Not at all familiar","C) Government office","B) Somewhat","A) Yes","A) Yes, frequently","C) No","B) Yes, mobile internet","C) Online shopping","B) Agree","A) Yes","C) Rarely","B) Somewhat secure","A) Smartphone","B) Satisfied","B) Sometimes","9322662032","A) <15 minutes","D) Never heard of them","A) UPI (e.g., Google Pay, PhonePe)","B) Somewhat reliable","A) Yes","A) Yes, regularly","B) Somewhat","A) Helpline/Support","A) Yes","B) Sometimes","B) Somewhat","B) Somewhat","B) Partially","B) Some are","A) Internet issues","A) Everywhere","B) Agree","B) Somewhat","B) Rural youth","A) Yes, definitely","A) Daily","D) All of the above","A) Yes","D) Not aware","A) Yes"
"2025/10/12 10:56:33 pm GMT+5:30","Bhumika Patil ","18-25","A) Very familiar","A) TV/Radio","A) Yes, significantly","A) Yes","B) Occasionally","B) Somewhat","B) Yes, mobile internet","B) e-Government services","C) Disagree","C) No","C) Rarely","D) Not sure","D) Public Kiosk","D) Very dissatisfied","D) Never","9579749761","A) <15 minutes","B) Occasionally","B) Credit/Debit card","D) No access","D) Not sure","B) Tried it once","C) No","C) Local CSC/Agent","B) Somewhat","B) Sometimes","D) Not sure","C) No","B) Partially","C) Very few","A) Internet issues","D) Not at all","A) Strongly agree","B) Somewhat","C) Women","D) Not sure","A) Daily","B) More training programs","C) No","D) Not aware","B) Maybe"
"2025/10/13 11:09:23 am GMT+5:30","Pratik khaire ","18-25","A) Very familiar","B) Social media","A) Yes, significantly","A) Yes","A) Yes, frequently","A) Yes","A) Yes, broadband","A) Bill payments","A) Strongly agree","A) Yes","A) Weekly","B) Somewhat secure","B) Computer/Laptop","B) Satisfied","A) Frequently","8830645348","B) 15–30 minutes","A) Yes, often","A) UPI (e.g., Google Pay, PhonePe)","A) Very reliable","A) Yes","A) Yes, regularly","A) Yes, a lot","A) Helpline/Support","B) Somewhat","A) Frequently","B) Somewhat","A) Yes","A) Yes","C) Very few","A) Internet issues","B) In some shops","","B) Somewhat","A) Senior citizens","A) Yes, definitely","A) Daily","B) More training programs","B) Sometimes","A) Yes","A) Yes"
"2025/10/13 12:37:57 pm GMT+5:30","Vishakha","18-25","B) Somewhat familiar","B) Social media","B) Somewhat","A) Yes","B) Occasionally","B) Somewhat","B) Yes, mobile internet","B) e-Government services","C) Disagree","B) Sometimes","C) Rarely","A) Very secure","B) Computer/Laptop","B) Satisfied","B) Sometimes","8999349009","B) 15–30 minutes","B) Occasionally","B) Credit/Debit card","B) Somewhat reliable","B) Somewhat","A) Yes, regularly","A) Yes, a lot","B) Online forums","B) Somewhat","B) Sometimes","B) Somewhat","B) Somewhat","B) Partially","B) Some are","B) Lack of knowledge","A) Everywhere","A) Strongly agree","B) Somewhat","A) Senior citizens","A) Yes, definitely","A) Daily","B) More training programs","B) Sometimes","B) No, but interested",""
"2025/10/13 1:07:25 pm GMT+5:30","Mahesh Mahajan ","18-25","A) Very familiar","D) Word of mouth","B) Somewhat","B) Partially","D) Didn’t know they existed","A) Yes","D) Use public/office internet","B) e-Government services","B) Agree","B) Sometimes","D) Never","C) Not secure","B) Computer/Laptop","B) Satisfied","B) Sometimes","9283050274","A) <15 minutes","B) Occasionally","B) Credit/Debit card","A) Very reliable","C) NO","A) Yes, regularly","D) Not applicable","B) Online forums","A) Yes","A) Frequently","A) Yes","D) Never used digital services","C) No","C) Very few","B) Lack of knowledge","A) Everywhere","B) Agree","A) Yes","A) Senior citizens","C) No","D) Never","C) Easier interfaces","C) No","A) Yes","C) No"
"2025/10/13 8:32:14 pm GMT+5:30","Dhanshri Vishwas rajput ","18-25","D) Not at all familiar","C) Government office","C) No improvement","B) Partially","C) Never","B) Somewhat","B) Yes, mobile internet","B) e-Government services","D)  Not sure","C) No","B) Monthly","B) Somewhat secure","C) Tablet","B) Satisfied","B) Sometimes","9579317260","B) 15–30 minutes","B) Occasionally","C) Net Banking","D) No access","B) Somewhat","C) Heard of it","C) No","B) Online forums","C) No","C) Never","C) No","C) No","C) No","B) Some are","C) Language","C) Rarely","B) Agree","B) Somewhat","B) Rural youth","B) Maybe","C) Rarely","B) More training programs","B) Sometimes","C) No, not interested","B) Maybe"
"2025/10/13 8:54:35 pm GMT+5:30","मोनाली जितेंद्र वाघ ","30-40","B) Somewhat familiar","A) TV/Radio","B) Somewhat","B) Partially","C) Never","B) Somewhat","B) Yes, mobile internet","C) Online shopping","D)  Not sure","B) Sometimes","C) Rarely","B) Somewhat secure","A) Smartphone","C) Dissatisfied","A) Frequently","9834249493","C) 30–60 minutes","C) Heard of them but never used","C) Net Banking","B) Somewhat reliable","D) Not sure","C) Heard of it","B) Somewhat","D) I don’t know how","B) Somewhat","B) Sometimes","B) Somewhat","B) Somewhat","B) Partially","B) Some are","B) Lack of knowledge","C) Rarely","C) Disagree","B) Somewhat","D) Everyone","D) Not sure","C) Rarely","D) All of the above","D) I need training myself","B) No, but interested","A) Yes"
"2025/10/16 12:40:26 pm GMT+5:30","Isha","18-25","B) Somewhat familiar","C) Government office","B) Somewhat","C) No","A) Yes, frequently","B) Somewhat","C) No internet access","C) Online shopping","B) Agree","C) No","A) Weekly","C) Not secure","B) Computer/Laptop","C) Dissatisfied","C) Rarely","7489592345","C) 30–60 minutes","C) Heard of them but never used","B) Credit/Debit card","D) No access","C) NO","B) Tried it once","","C) Local CSC/Agent","C) No","A) Frequently","C) No","C) No","B) Partially","C) Very few","B) Lack of knowledge","C) Rarely","B) Agree","C) No","B) Rural youth","B) Maybe","A) Daily","B) More training programs","B) Sometimes","B) No, but interested","B) Maybe"
"2025/10/16 12:41:28 pm GMT+5:30","Sakshi bauskar ","18-25","A) Very familiar","A) TV/Radio","A) Yes, significantly","A) Yes","A) Yes, frequently","A) Yes","A) Yes, broadband","A) Bill payments","B) Agree","B) Sometimes","B) Monthly","B) Somewhat secure","B) Computer/Laptop","B) Satisfied","C) Rarely","8452693621","A) <15 minutes","B) Occasionally","B) Credit/Debit card","A) Very reliable","A) Yes","A) Yes, regularly","B) Somewhat","A) Helpline/Support","B) Somewhat","B) Sometimes","B) Somewhat","B) Somewhat","B) Partially","B) Some are","A) Internet issues","A) Everywhere","B) Agree","B) Somewhat","C) Women","B) Maybe","C) Rarely","C) Easier interfaces","D) I need training myself","C) No, not interested","C) No"
"2025/10/19 7:22:35 pm GMT+5:30","Sonal Suresh S.","25-30","C) Heard of it","B) Social media","A) Yes, significantly","B) Partially","B) Occasionally","C) No","A) Yes, broadband","B) e-Government services","D)  Not sure","C) No","B) Monthly","D) Not sure","C) Tablet","C) Dissatisfied","C) Rarely","8530953773","C) 30–60 minutes","C) Heard of them but never used","B) Credit/Debit card","C) Poor","B) Somewhat","C) Heard of it","C) No","C) Local CSC/Agent","","B) Sometimes","C) No","B) Somewhat","C) No","B) Some are","B) Lack of knowledge","C) Rarely","C) Disagree","B) Somewhat","C) Women","B) Maybe","C) Rarely","B) More training programs","C) No","B) No, but interested","B) Maybe"
"2025/10/19 7:25:21 pm GMT+5:30","Chitra Suresh S ","Other","B) Somewhat familiar","B) Social media","C) No improvement","B) Partially","C) Never","C) No","C) No internet access","C) Online shopping","C) Disagree","B) Sometimes","B) Monthly","B) Somewhat secure","B) Computer/Laptop","D) Very dissatisfied","B) Sometimes","","B) 15–30 minutes","C) Heard of them but never used","C) Net Banking","B) Somewhat reliable","C) NO","B) Tried it once","B) Somewhat","B) Online forums","B) Somewhat","C) Never","B) Somewhat","B) Somewhat","A) Yes","A) Most are","A) Internet issues","A) Everywhere","A) Strongly agree","D) Don’t know","A) Senior citizens","A) Yes, definitely","A) Daily","B) More training programs","B) Sometimes","C) No, not interested","B) Maybe"
"2025/10/23 9:24:53 pm GMT+5:30","Vinod pawar","30-40","C) Heard of it","C) Government office","A) Yes, significantly","A) Yes","B) Occasionally","C) No","B) Yes, mobile internet","B) e-Government services","C) Disagree","B) Sometimes","B) Monthly","B) Somewhat secure","B) Computer/Laptop","B) Satisfied","A) Frequently","6382638247","B) 15–30 minutes","A) Yes, often","A) UPI (e.g., Google Pay, PhonePe)","D) No access","B) Somewhat","B) Tried it once","B) Somewhat","C) Local CSC/Agent","B) Somewhat","C) Never","C) No","B) Somewhat","B) Partially","B) Some are","A) Internet issues","A) Everywhere","B) Agree","B) Somewhat","C) Women","B) Maybe","A) Daily","B) More training programs","B) Sometimes","A) Yes","B) Maybe"
"2025/10/23 9:27:33 pm GMT+5:30","Manisha patil","25-30","B) Somewhat familiar","A) TV/Radio","D) Not sure","A) Yes","B) Occasionally","C) No","B) Yes, mobile internet","B) e-Government services","C) Disagree","B) Sometimes","B) Monthly","B) Somewhat secure","C) Tablet","A) Very satisfied","B) Sometimes","6383638373","B) 15–30 minutes","A) Yes, often","A) UPI (e.g., Google Pay, PhonePe)","C) Poor","C) NO","B) Tried it once","B) Somewhat","A) Helpline/Support","B) Somewhat","B) Sometimes","B) Somewhat","A) Yes","B) Partially","B) Some are","C) Language","C) Rarely","B) Agree","B) Somewhat","B) Rural youth","B) Maybe","B) 2–3 times","B) More training programs","C) No","C) No, not interested","B) Maybe"
"2025/10/23 9:28:51 pm GMT+5:30","Ronak jain ","","B) Somewhat familiar","B) Social media","","B) Partially","B) Occasionally","C) No","C) No internet access","C) Online shopping","C) Disagree","C) No","C) Rarely","C) Not secure","C) Tablet","B) Satisfied","B) Sometimes","7383333383","C) 30–60 minutes","B) Occasionally","B) Credit/Debit card","B) Somewhat reliable","A) Yes","B) Tried it once","B) Somewhat","A) Helpline/Support","B) Somewhat","C) Never","D) Not sure","C) No","C) No","C) Very few","B) Lack of knowledge","A) Everywhere","B) Agree","C) No","C) Women","C) No","C) Rarely","C) Easier interfaces","B) Sometimes","B) No, but interested","A) Yes"
"2025/10/23 9:29:57 pm GMT+5:30","Shital pawar ","25-30","A) Very familiar","C) Government office","C) No improvement","B) Partially","C) Never","C) No","D) Use public/office internet","D) None","B) Agree","B) Sometimes","B) Monthly","A) Very secure","C) Tablet","C) Dissatisfied","B) Sometimes","6393538363","A) <15 minutes","B) Occasionally","C) Net Banking","B) Somewhat reliable","B) Somewhat","B) Tried it once","B) Somewhat","D) I don’t know how","B) Somewhat","A) Frequently","B) Somewhat","C) No","B) Partially","B) Some are","B) Lack of knowledge","B) In some shops","B) Agree","B) Somewhat","B) Rural youth","B) Maybe","B) 2–3 times","C) Easier interfaces","B) Sometimes","D) Not aware","A) Yes"
"2025/10/23 9:31:16 pm GMT+5:30","Hitesh patil ","18-25","A) Very familiar","C) Government office","C) No improvement","C) No","D) Didn’t know they existed","C) No","B) Yes, mobile internet","B) e-Government services","C) Disagree","A) Yes","B) Monthly","C) Not secure","D) Public Kiosk","D) Very dissatisfied","C) Rarely","748363937379","","C) Heard of them but never used","A) UPI (e.g., Google Pay, PhonePe)","D) No access","C) NO","D) Never heard","D) Not applicable","B) Online forums","C) No","B) Sometimes","B) Somewhat","B) Somewhat","B) Partially","B) Some are","B) Lack of knowledge","B) In some shops","C) Disagree","B) Somewhat","B) Rural youth","B) Maybe","B) 2–3 times","C) Easier interfaces","D) I need training myself","B) No, but interested","B) Maybe"
"2025/10/23 9:32:44 pm GMT+5:30","Pawan sonar","18-25","A) Very familiar","B) Social media","B) Somewhat","D) Not applicable","B) Occasionally","B) Somewhat","B) Yes, mobile internet","D) None","D)  Not sure","D) Not applicable","B) Monthly","B) Somewhat secure","B) Computer/Laptop","C) Dissatisfied","C) Rarely","96392738378","B) 15–30 minutes","A) Yes, often","B) Credit/Debit card","C) Poor","B) Somewhat","B) Tried it once","C) No","B) Online forums","B) Somewhat","D) Not sure","C) No","C) No","A) Yes","B) Some are","B) Lack of knowledge","C) Rarely","C) Disagree","C) No","D) Everyone","C) No","A) Daily","B) More training programs","B) Sometimes","B) No, but interested","C) No"
"2025/10/23 9:40:32 pm GMT+5:30","Akanksha Satish Mahajan ","Other","A) Very familiar","A) TV/Radio","A) Yes, significantly","B) Partially","A) Yes, frequently","A) Yes","B) Yes, mobile internet","B) e-Government services","A) Strongly agree","B) Sometimes","A) Weekly","B) Somewhat secure","A) Smartphone","A) Very satisfied","A) Frequently","726446262","A) <15 minutes","A) Yes, often","A) UPI (e.g., Google Pay, PhonePe)","A) Very reliable","B) Somewhat","B) Tried it once","B) Somewhat","B) Online forums","B) Somewhat","B) Sometimes","D) Not sure","A) Yes","B) Partially","B) Some are","B) Lack of knowledge","B) In some shops","A) Strongly agree","B) Somewhat","A) Senior citizens","A) Yes, definitely","B) 2–3 times","A) Better internet","B) Sometimes","B) No, but interested","B) Maybe"
"2025/10/23 9:43:03 pm GMT+5:30","Hitesh Gajanan Patil ","18-25","A) Very familiar","D) Word of mouth","A) Yes, significantly","A) Yes","A) Yes, frequently","A) Yes","B) Yes, mobile internet","A) Bill payments","A) Strongly agree","A) Yes","C) Rarely","A) Very secure","A) Smartphone","A) Very satisfied","B) Sometimes","9325111421","A) <15 minutes","C) Heard of them but never used","A) UPI (e.g., Google Pay, PhonePe)","B) Somewhat reliable","A) Yes","A) Yes, regularly","B) Somewhat","A) Helpline/Support","A) Yes","B) Sometimes","A) Yes","A) Yes","A) Yes","A) Most are","A) Internet issues","A) Everywhere","A) Strongly agree","D) Don’t know","D) Everyone","A) Yes, definitely","A) Daily","A) Better internet","A) Yes","B) No, but interested","A) Yes"
"2025/10/23 9:46:14 pm GMT+5:30","Shivam","25-30","A) Very familiar","B) Social media","B) Somewhat","A) Yes","A) Yes, frequently","A) Yes","B) Yes, mobile internet","A) Bill payments","A) Strongly agree","C) No","B) Monthly","D) Not sure","D) Public Kiosk","D) Very dissatisfied","D) Never","12345678890","C) 30–60 minutes","A) Yes, often","C) Net Banking","D) No access","D) Not sure","D) Never heard","D) Not applicable","D) I don’t know how","D) Not aware","D) Not sure","D) Not sure","D) Never used digital services","D) Not sure","D) None","D) Security concerns","C) Rarely","D) Strongly disagree","D) Don’t know","D) Everyone","D) Not sure","D) Never","D) All of the above","D) I need training myself","D) Not aware","D) Not applicable"
"2025/10/23 9:46:58 pm GMT+5:30","Hitesh Gajanan Patil ","18-25","A) Very familiar","B) Social media","A) Yes, significantly","A) Yes","A) Yes, frequently","A) Yes","A) Yes, broadband","A) Bill payments","A) Strongly agree","A) Yes","A) Weekly","A) Very secure","A) Smartphone","A) Very satisfied","A) Frequently","9325111421","A) <15 minutes","A) Yes, often","A) UPI (e.g., Google Pay, PhonePe)","A) Very reliable","A) Yes","A) Yes, regularly","A) Yes, a lot","A) Helpline/Support","A) Yes","A) Frequently","A) Yes","A) Yes","A) Yes","A) Most are","A) Internet issues","A) Everywhere","A) Strongly agree","A) Yes","A) Senior citizens","A) Yes, definitely","A) Daily","A) Better internet","A) Yes","A) Yes","A) Yes"
"2025/10/23 9:48:46 pm GMT+5:30","Hitesh Patil","18-25","A) Very familiar","A) TV/Radio","A) Yes, significantly","A) Yes","A) Yes, frequently","A) Yes","A) Yes, broadband","A) Bill payments","A) Strongly agree","A) Yes","B) Monthly","A) Very secure","A) Smartphone","B) Satisfied","B) Sometimes","9325111421","A) <15 minutes","A) Yes, often","A) UPI (e.g., Google Pay, PhonePe)","A) Very reliable","A) Yes","A) Yes, regularly","A) Yes, a lot","A) Helpline/Support","A) Yes","A) Frequently","A) Yes","A) Yes","A) Yes","A) Most are","A) Internet issues","A) Everywhere","A) Strongly agree","A) Yes","A) Senior citizens","A) Yes, definitely","A) Daily","A) Better internet","A) Yes","A) Yes","A) Yes"
"2025/10/23 9:48:47 pm GMT+5:30","","","","","","","","","","","","","","","","","","","","","","","","","","","","","","","B) Partially","","","","","","","","","","","",""
"2025/10/23 9:50:52 pm GMT+5:30","Patil Hitesh ","18-25","A) Very familiar","A) TV/Radio","A) Yes, significantly","A) Yes","A) Yes, frequently","B) Somewhat","B) Yes, mobile internet","A) Bill payments","A) Strongly agree","A) Yes","B) Monthly","A) Very secure","A) Smartphone","A) Very satisfied","A) Frequently","9325111421","A) <15 minutes","A) Yes, often","A) UPI (e.g., Google Pay, PhonePe)","A) Very reliable","A) Yes","A) Yes, regularly","A) Yes, a lot","A) Helpline/Support","A) Yes","A) Frequently","A) Yes","A) Yes","A) Yes","A) Most are","A) Internet issues","A) Everywhere","A) Strongly agree","A) Yes","A) Senior citizens","A) Yes, definitely","A) Daily","A) Better internet","A) Yes","A) Yes","A) Yes"
"2025/10/23 9:51:21 pm GMT+5:30","Kush suryavanshi ","18-25","A) Very familiar","C) Government office","B) Somewhat","B) Partially","B) Occasionally","B) Somewhat","D) Use public/office internet","A) Bill payments","A) Strongly agree","B) Sometimes","B) Monthly","A) Very secure","A) Smartphone","B) Satisfied","B) Sometimes","Ok","B) 15–30 minutes","B) Occasionally","C) Net Banking","B) Somewhat reliable","D) Not sure","A) Yes, regularly","C) No","C) Local CSC/Agent","D) Not aware","B) Sometimes","B) Somewhat","C) No","C) No","C) Very few","C) Language","C) Rarely","C) Disagree","A) Yes","B) Rural youth","C) No","C) Rarely","A) Better internet","C) No","B) No, but interested","B) Maybe"
"2025/10/23 9:53:46 pm GMT+5:30","Patil Hitesh Gajanan ","18-25","A) Very familiar","A) TV/Radio","A) Yes, significantly","A) Yes","A) Yes, frequently","A) Yes","B) Yes, mobile internet","A) Bill payments","A) Strongly agree","A) Yes","A) Weekly","A) Very secure","A) Smartphone","A) Very satisfied","A) Frequently","9325111421","A) <15 minutes","B) Occasionally","A) UPI (e.g., Google Pay, PhonePe)","A) Very reliable","B) Somewhat","B) Tried it once","B) Somewhat","B) Online forums","B) Somewhat","A) Frequently","A) Yes","A) Yes","A) Yes","B) Some are","A) Internet issues","B) In some shops","A) Strongly agree","A) Yes","A) Senior citizens","A) Yes, definitely","A) Daily","A) Better internet","A) Yes","A) Yes","A) Yes"
"2025/10/23 10:02:08 pm GMT+5:30","Kartik sonwane ","30-40","D) Not at all familiar","B) Social media","A) Yes, significantly","C) No","C) Never","A) Yes","B) Yes, mobile internet","C) Online shopping","B) Agree","A) Yes","C) Rarely","D) Not sure","A) Smartphone","A) Very satisfied","D) Never","8363736383","B) 15–30 minutes","D) Never heard of them","A) UPI (e.g., Google Pay, PhonePe)","B) Somewhat reliable","A) Yes","B) Tried it once","B) Somewhat","C) Local CSC/Agent","C) No","D) Not sure","B) Somewhat","C) No","C) No","","A) Internet issues","B) In some shops","D) Strongly disagree","D) Don’t know","D) Everyone","B) Maybe","C) Rarely","C) Easier interfaces","A) Yes","B) No, but interested","A) Yes"
"2025/10/23 10:03:14 pm GMT+5:30","Nayan Suryavanshi ","18-25","C) Heard of it","D) Word of mouth","D) Not sure","D) Not applicable","B) Occasionally","B) Somewhat","A) Yes, broadband","B) e-Government services","B) Agree","A) Yes","B) Monthly","B) Somewhat secure","B) Computer/Laptop","C) Dissatisfied","A) Frequently","8373836383","A) <15 minutes","C) Heard of them but never used","B) Credit/Debit card","A) Very reliable","B) Somewhat","C) Heard of it","B) Somewhat","A) Helpline/Support","B) Somewhat","D) Not sure","C) No","A) Yes","B) Partially","C) Very few","B) Lack of knowledge","B) In some shops","B) Agree","B) Somewhat","C) Women","B) Maybe","C) Rarely","D) All of the above","A) Yes","D) Not aware","C) No"
"2025/10/23 10:04:44 pm GMT+5:30","Karan ","18-25","C) Heard of it","C) Government office","B) Somewhat","C) No","D) Didn’t know they existed","A) Yes","B) Yes, mobile internet","B) e-Government services","","B) Sometimes","B) Monthly","B) Somewhat secure","C) Tablet","C) Dissatisfied","D) Never","73836383837","B) 15–30 minutes","B) Occasionally","C) Net Banking","B) Somewhat reliable","B) Somewhat","D) Never heard","C) No","B) Online forums","D) Not aware","A) Frequently","B) Somewhat","C) No","B) Partially","C) Very few","C) Language","A) Everywhere","B) Agree","A) Yes","B) Rural youth","B) Maybe","A) Daily","B) More training programs","B) Sometimes","C) No, not interested","C) No"
"2025/10/23 10:10:46 pm GMT+5:30","Sumit Choudhary ","25-30","B) Somewhat familiar","C) Government office","C) No improvement","A) Yes","C) Never","D) Don’t know","B) Yes, mobile internet","C) Online shopping","C) Disagree","A) Yes","B) Monthly","D) Not sure","D) Public Kiosk","C) Dissatisfied","B) Sometimes","","A) <15 minutes","B) Occasionally","C) Net Banking","A) Very reliable","A) Yes","C) Heard of it","D) Not applicable","D) I don’t know how","B) Somewhat","C) Never","C) No","","B) Partially","A) Most are","D) Security concerns","A) Everywhere","C) Disagree","D) Don’t know","A) Senior citizens","C) No","B) 2–3 times","D) All of the above","C) No","C) No, not interested","A) Yes"
"2025/10/23 10:12:45 pm GMT+5:30","Ketan Patil ","30-40","A) Very familiar","D) Word of mouth","C) No improvement","A) Yes","B) Occasionally","B) Somewhat","C) No internet access","A) Bill payments","Option 3","A) Yes","C) Rarely","C) Not secure","A) Smartphone","B) Satisfied","D) Never","","B) 15–30 minutes","B) Occasionally","A) UPI (e.g., Google Pay, PhonePe)","B) Somewhat reliable","C) NO","B) Tried it once","A) Yes, a lot","C) Local CSC/Agent","B) Somewhat","C) Never","D) Not sure","B) Somewhat","C) No","B) Some are","B) Lack of knowledge","C) Rarely","D) Strongly disagree","A) Yes","A) Senior citizens","B) Maybe","C) Rarely","B) More training programs","D) I need training myself","B) No, but interested","C) No"
"2025/10/23 11:29:30 pm GMT+5:30","Ambadas pawar","30-40","A) Very familiar","A) TV/Radio","B) Somewhat","B) Partially","B) Occasionally","A) Yes","A) Yes, broadband","A) Bill payments","A) Strongly agree","A) Yes","B) Monthly","C) Not secure","B) Computer/Laptop","B) Satisfied","B) Sometimes","9529179365","A) <15 minutes","A) Yes, often","A) UPI (e.g., Google Pay, PhonePe)","B) Somewhat reliable","B) Somewhat","B) Tried it once","B) Somewhat","A) Helpline/Support","A) Yes","A) Frequently","A) Yes","A) Yes","A) Yes","A) Most are","A) Internet issues","A) Everywhere","A) Strongly agree","A) Yes","A) Senior citizens","A) Yes, definitely","A) Daily","A) Better internet","A) Yes","A) Yes","A) Yes"
"2025/10/23 11:31:33 pm GMT+5:30","Manish Wani ","30-40","A) Very familiar","A) TV/Radio","A) Yes, significantly","D) Not applicable","B) Occasionally","B) Somewhat","B) Yes, mobile internet","B) e-Government services","B) Agree","A) Yes","A) Weekly","A) Very secure","A) Smartphone","C) Dissatisfied","B) Sometimes","7841878816","A) <15 minutes","A) Yes, often","A) UPI (e.g., Google Pay, PhonePe)","A) Very reliable","A) Yes","B) Tried it once","B) Somewhat","B) Online forums","B) Somewhat","B) Sometimes","B) Somewhat","B) Somewhat","A) Yes","A) Most are","B) Lack of knowledge","B) In some shops","B) Agree","A) Yes","A) Senior citizens","A) Yes, definitely","B) 2–3 times","B) More training programs","B) Sometimes","B) No, but interested","B) Maybe"
"2025/10/23 11:34:00 pm GMT+5:30","Someshvar pawar","30-40","C) Heard of it","C) Government office","C) No improvement","C) No","B) Occasionally","B) Somewhat","B) Yes, mobile internet","B) e-Government services","B) Agree","C) No","C) Rarely","B) Somewhat secure","A) Smartphone","A) Very satisfied","B) Sometimes","9423770266","A) <15 minutes","A) Yes, often","B) Credit/Debit card","A) Very reliable","A) Yes","C) Heard of it","B) Somewhat","A) Helpline/Support","B) Somewhat","A) Frequently","A) Yes","A) Yes","A) Yes","C) Very few","B) Lack of knowledge","B) In some shops","B) Agree","B) Somewhat","C) Women","B) Maybe","B) 2–3 times","B) More training programs","B) Sometimes","C) No, not interested","B) Maybe"
"2025/10/23 11:37:53 pm GMT+5:30","Sarthak pawar","25-30","A) Very familiar","B) Social media","A) Yes, significantly","A) Yes","A) Yes, frequently","A) Yes","A) Yes, broadband","A) Bill payments","B) Agree","D) Not applicable","B) Monthly","B) Somewhat secure","B) Computer/Laptop","D) Very dissatisfied","C) Rarely","+918421694120","B) 15–30 minutes","C) Heard of them but never used","B) Credit/Debit card","C) Poor","D) Not sure","B) Tried it once","B) Somewhat","C) Local CSC/Agent","C) No","C) Never","C) No","C) No","C) No","C) Very few","D) Security concerns","D) Not at all","B) Agree","B) Somewhat","B) Rural youth","C) No","B) 2–3 times","C) Easier interfaces","B) Sometimes","B) No, but interested","B) Maybe"
"2025/10/23 11:39:03 pm GMT+5:30","","","","","","","","","","","","","","","","","","9850406817","","","","","","","","","","","","","D) Not sure","","","","","","","","","","","",""
"2025/10/23 11:39:58 pm GMT+5:30","","","","","","","","","","","","","","","","","","+919510104956","","","","","","","","","","","","","B) Partially","","","","","","","","","","","",""
"2025/10/23 11:40:40 pm GMT+5:30","","","","","","","","","","","","","","","","","","+919730338601","","","","","","","","","","","","","B) Partially","","","","","","","","","","","",""
"2025/10/23 11:41:19 pm GMT+5:30","","","","","","","","","","","","","","","","","","+919403737535","","","","","","","","","","","","","C) No","","","","","","","","","","","",""
"2025/10/23 11:42:03 pm GMT+5:30","","","","","","","","","","","","","","","","","","+919049617535","","","","","","","","","","","","","D) Not sure","","","","","","","","","","","",""
"2025/10/23 11:42:36 pm GMT+5:30","","","","","","","","","","","","","","","","","","+917276139497","","","","","","","","","","","","","B) Partially","","","","","","","","","","","",""
"2025/10/23 11:43:11 pm GMT+5:30","","","","","","","","","","","","","","","","","","+919834580028","","","","","","","","","","","","","A) Yes","","","","","","","","","","","",""
"2025/10/23 11:44:02 pm GMT+5:30","","","","","","","","","","","","","","","","","","+919309241459","","","","","","","","","","","","","C) No","","","","","","","","","","","",""
"2025/10/23 11:44:43 pm GMT+5:30","","","","","","","","","","","","","","","","","","+919309435610","","","","","","","","","","","","","D) Not sure","","","","","","","","","","","",""
"2025/10/23 11:45:16 pm GMT+5:30","","","","","","","","","","","","","","","","","","8698923208","","","","","","","","","","","","","D) Not sure","","","","","","","","","","","",""
"2025/10/23 11:45:56 pm GMT+5:30","","","","","","","","","","","","","","","","","","+919146214544","","","","","","","","","","","","","B) Partially","","","","","","","","","","","",""
"2025/10/23 11:46:24 pm GMT+5:30","","","","","","","","","","","","","","","","","","+919096609682","","","","","","","","","","","","","D) Not sure","","","","","","","","","","","",""
"2025/10/23 11:46:52 pm GMT+5:30","","","","","","","","","","","","","","","","","","+917507577201","","","","","","","","","","","","","D) Not sure","","","","","","","","","","","",""
"2025/10/24 9:27:18 am GMT+5:30","Mamta Jitendra patil","18-25","D) Not at all familiar","B) Social media","A) Yes, significantly","A) Yes","A) Yes, frequently","A) Yes","B) Yes, mobile internet","B) e-Government services","B) Agree","A) Yes","B) Monthly","A) Very secure","A) Smartphone","A) Very satisfied","B) Sometimes","9307117620","D) More than an hour","D) Never heard of them","A) UPI (e.g., Google Pay, PhonePe)","A) Very reliable","A) Yes","A) Yes, regularly","A) Yes, a lot","B) Online forums","A) Yes","B) Sometimes","A) Yes","A) Yes","A) Yes","A) Most are","A) Internet issues","A) Everywhere","A) Strongly agree","A) Yes","A) Senior citizens","A) Yes, definitely","A) Daily","A) Better internet","A) Yes","A) Yes","A) Yes"